{"cameraMode":{"drawMode":0,"name":"Shaded","section":"Shading Mode"},"sceneLighting":true,"audioPlay":false,"sceneViewState":{"showFog":true,"showMaterialUpdate":true,"showSkybox":true,"showFlares":true,"showImageEffects":true,"showParticleSystems":true},"in2DMode":false,"pivot":{"x":-21.17575454711914,"y":-2.0704917907714845,"z":175.01026916503907},"rotation":{"x":-0.0010926779359579087,"y":0.998199462890625,"z":-0.05695890262722969,"w":-0.019171705469489099},"size":343.1656799316406,"orthographic":false}